audio_filepath,prediction
audio_1743860643-09JRHUw4CkTwkGwkTxAybcCFtgq1.webm,g<s>e<s>b<s>b<s>b<s>b<s>b<s>
audio_1744797861-09JRHUw4CkTwkGwkTxAybcCFtgq1.webm,m<s>b<s>b<s>b<s>b<s>b<s>b<s>
audio_1743735615-09JRHUw4CkTwkGwkTxAybcCFtgq1.webm,m<s>b<s>b<s>b<s>b<s>b<s>
audio_1743953157-09JRHUw4CkTwkGwkTxAybcCFtgq1.webm,mbe<s>b<s>b<s>e<s>w<s>b<s>b<s>b<s>b<s>b<s>b
audio_1744797921-09JRHUw4CkTwkGwkTxAybcCFtgq1.webm,ge<s>b<s>e<s>b<s>b<s>b<s>b<s>b<s>
audio_1744989975-09JRHUw4CkTwkGwkTxAybcCFtgq1.webm,g<s>b<s>b<s>b<s>b<s>b<s>b<s>b<s>
audio_1744730388-09JRHUw4CkTwkGwkTxAybcCFtgq1.webm,g<s>b<s>b<s>b<s>b<s>b<s>b<s>b<s>b<s>b<s>b<s>b<s>b
audio_1743861085-09JRHUw4CkTwkGwkTxAybcCFtgq1.webm,g<s>b<s>b<s>w<s>b<s>b<s>b<s>b<s>b
audio_1743860210-09JRHUw4CkTwkGwkTxAybcCFtgq1.webm,g<s>b<s>b<s>b<s>b<s>b<s>b<s>e<s>b<s>b<s>b<s>b<s>b<s>e<s>
audio_1743952348-09JRHUw4CkTwkGwkTxAybcCFtgq1.webm,m<s>b<s>b<s>b<s>e<s>b<s>b<s>b<s>b<s>wb<s>b<s>b<s>
audio_1743864307-09JRHUw4CkTwkGwkTxAybcCFtgq1.webm,m<s>e<s>b<s>b<s>b<s>b<s>b<s>b<s>b
audio_1743951359-09JRHUw4CkTwkGwkTxAybcCFtgq1.webm,m<s>b<s>b<s>b<s>b<s>b<s>w<s>b<s>b<s>
audio_1744907297-09JRHUw4CkTwkGwkTxAybcCFtgq1.webm,me<s>b<s>b<s>b<s>b<s>b<s>b<s>b<s>b<s>b<s>e<s>
audio_1744731151-09JRHUw4CkTwkGwkTxAybcCFtgq1.webm,m<s>b<s>b<s>b<s>b<s>b<s>b<s>
audio_1744708799-09JRHUw4CkTwkGwkTxAybcCFtgq1.webm,m<s>b<s>b<s>b<s>b<s>b<s>
audio_1745134315-05rwGQSgJVOmcWTfMJ07nh5lage2.webm,<s>b<s>b<s>b<s>b<s>b<s>b<s>b<s>b<s>b
audio_1744797610-09JRHUw4CkTwkGwkTxAybcCFtgq1.webm,m<s>b<s>b<s>b<s>b<s>b<s>b<s>b<s>e<s>b<s>
audio_1743866468-09JRHUw4CkTwkGwkTxAybcCFtgq1.webm,m<s>b<s>b<s>b<s>b<s>b<s>b<s>b<s>b
audio_1744741589-09JRHUw4CkTwkGwkTxAybcCFtgq1.webm,m<s>b<s>b<s>b<s>w<s>b<s>b<s>e<s>b<s>b<s>b
audio_1743953001-09JRHUw4CkTwkGwkTxAybcCFtgq1.webm,m<s>b<s>b<s>b<s>b<s>b<s>b<s>b
audio_1744742302-09JRHUw4CkTwkGwkTxAybcCFtgq1.webm,g<s>b<s>b<s>b<s>w<s>b<s>b<s>b<s>b<s>b<s>b<s>
audio_1745134181-05rwGQSgJVOmcWTfMJ07nh5lage2.webm,b<s>b<s>b<s>b<s>b<s>b<s>b<s>w<s>b<s>b<s>b<s>b
audio_1744906810-09JRHUw4CkTwkGwkTxAybcCFtgq1.webm,ub<s>b<s>b<s>b<s>b<s>b<s>b<s>b<s>b<s>b<s>b<s>b<s>
audio_1744732955-07QKis3SerYsVXbIvY0DwlKkBEf2.webm,g<s>b<s>b<s>eb<s>b<s>b<s>b<s>e<s>b<s>b<s>
audio_1745137610-05rwGQSgJVOmcWTfMJ07nh5lage2.webm,b<s>b<s>b<s>b<s>b<s>b<s>b<s>b<s>b<s>b<s>b<s>b<s>b<s>b<s>b<s>
audio_1744788551-07QKis3SerYsVXbIvY0DwlKkBEf2.webm,m<s>b<s>b<s>b<s>b<s>b<s>b<s>b<s>b<s>b<s>
audio_1744906977-09JRHUw4CkTwkGwkTxAybcCFtgq1.webm,m<s>b<s>b<s>b<s>b<s>b<s>b<s>b<s>e<s>b<s>b
audio_1744704752-09JRHUw4CkTwkGwkTxAybcCFtgq1.webm,m<s>b<s>b<s>b<s>b<s>b<s>b<s>
audio_1744730681-07QKis3SerYsVXbIvY0DwlKkBEf2.webm,[UNK]<s>b<s>b<s>b<s>b<s>b<s>b<s>
audio_1744988990-09JRHUw4CkTwkGwkTxAybcCFtgq1.webm,g<s>b<s>b<s>b<s>b<s>b<s>b<s>b<s>b<s>b<s>
audio_1744730641-07QKis3SerYsVXbIvY0DwlKkBEf2.webm,b<s>b<s>b<s>b<s>b<s>b<s>b<s>b<s>b<s>b<s>b<s>
audio_1745136977-05rwGQSgJVOmcWTfMJ07nh5lage2.webm,b<s>b<s>b<s>b<s>b<s>b<s>b<s>b<s>e<s>e<s>[UNK]
audio_1744990918-09JRHUw4CkTwkGwkTxAybcCFtgq1.webm,g<s>b<s>b<s>b<s>b<s>b<s>e<s>b<s>b<s>b<s>
audio_1743861553-09JRHUw4CkTwkGwkTxAybcCFtgq1.webm,g<s>b<s>b<s>b<s>b<s>b<s>e<s>b<s>b<s>e<s>
audio_1744732866-07QKis3SerYsVXbIvY0DwlKkBEf2.webm,g<s>b<s>b<s>b<s>b<s>b<s>b<s>b<s>b<s>b<s>
audio_1744730354-07QKis3SerYsVXbIvY0DwlKkBEf2.webm,g<s>b<s>b<s>b<s>b<s>b<s>b<s>e<s>b<s>b<s>
audio_1744988611-09JRHUw4CkTwkGwkTxAybcCFtgq1.webm,m<s>b<s>b<s>b<s>e<s>b<s>b<s>b<s>b<s>b<s>
audio_1745133878-05rwGQSgJVOmcWTfMJ07nh5lage2.webm,e<s>b<s>b<s>b<s>b<s>b<s>b<s>b<s>b<s>e<s>[UNK]
audio_1744732683-07QKis3SerYsVXbIvY0DwlKkBEf2.webm,u<s>b<s>b<s>b<s>b<s>b<s>e<s>b<s>b<s>b<s>
audio_1743005915-0IR1v9hKG8aXqWxmriM1PEHjtFj1.webm,m<s>b<s>b<s>b<s>b<s>b<s>b<s>
audio_1744730100-07QKis3SerYsVXbIvY0DwlKkBEf2.webm,u<s>b<s>b<s>b<s>b<s>b<s>b<s>
audio_1745133189-05rwGQSgJVOmcWTfMJ07nh5lage2.webm,b<s>b<s>b<s>b<s>b<s>b<s>b<s>b<s>b<s>b<s>b<s>b<s>
audio_1744730725-07QKis3SerYsVXbIvY0DwlKkBEf2.webm,u<s>b<s>w<s>b<s>e<s>b<s>b<s>b<s>b<s>
audio_1745136951-05rwGQSgJVOmcWTfMJ07nh5lage2.webm,<s>b<s>b<s>b<s>b<s>b<s>b<s>b<s>b<s>b<s>b<s>b<s>b<s>b<s>b<s>b<s>b
audio_1745133976-05rwGQSgJVOmcWTfMJ07nh5lage2.webm,b<s>b<s>b<s>b<s>b<s>w<s>b<s>e<s>b<s>
audio_1744730915-07QKis3SerYsVXbIvY0DwlKkBEf2.webm,m<s>b<s>b<s>b<s>b<s>w<s>b<s>b<s>b<s>b<s>b<s>b<s>b<s>
audio_1745136912-05rwGQSgJVOmcWTfMJ07nh5lage2.webm,<s>b<s>b<s>b<s>
audio_1744742524-09JRHUw4CkTwkGwkTxAybcCFtgq1.webm,m<s>b<s>b<s>b<s>b<s>b<s>b<s>b<s>
audio_1744788933-07QKis3SerYsVXbIvY0DwlKkBEf2.webm,m<s>b<s>b<s>b<s>b<s>b<s>
audio_1744906754-09JRHUw4CkTwkGwkTxAybcCFtgq1.webm,m<s>b<s>e<s>b<s>e<s>b<s>b<s>b<s>b<s>b<s>b<s>b<s>b<s>b<s>b<s>b<s>b<s>
audio_1745137238-05rwGQSgJVOmcWTfMJ07nh5lage2.webm,b<s>b<s>b<s>b<s>wb<s>b<s>b<s>b<s>b<s>
audio_1745137215-05rwGQSgJVOmcWTfMJ07nh5lage2.webm,<s>b<s>b<s>b<s>b<s>b<s>w<s>b<s>b<s>b<s>b
audio_1744799497-09JRHUw4CkTwkGwkTxAybcCFtgq1.webm,m<s>e<s>b<s>b<s>b<s>b<s>b<s>b<s>b
audio_1744732833-07QKis3SerYsVXbIvY0DwlKkBEf2.webm,g<s>b<s>b<s>e<s>b<s>b<s>b<s>b<s>b<s>
audio_1743860309-09JRHUw4CkTwkGwkTxAybcCFtgq1.webm,g<s>b<s>b<s>b<s>b<s>b<s>b<s>b<s>b<s>b<s>b<s>b<s>b<s>b<s>b<s>
audio_1745076009-05rwGQSgJVOmcWTfMJ07nh5lage2.webm,<s>b<s>b<s>b<s>b<s>b<s>b<s>b<s>b<s>w<s>b<s>b
audio_1743861513-09JRHUw4CkTwkGwkTxAybcCFtgq1.webm,g<s>b<s>b<s>b<s>b<s>b<s>b<s>
audio_1744788656-07QKis3SerYsVXbIvY0DwlKkBEf2.webm,m<s>b<s>b<s>b<s>e<s>b<s>b<s>b<s>b<s>b<s>b<s>
audio_1744789027-07QKis3SerYsVXbIvY0DwlKkBEf2.webm,m<s>b<s>b<s>b<s>b<s>b<s>b<s>b<s>b<s>b<s>b<s>e<s>b<s>
audio_1744730816-07QKis3SerYsVXbIvY0DwlKkBEf2.webm,[UNK]<s>b<s>b<s>b<s>b<s>b<s>b<s>b<s>b<s>
audio_1745134435-05rwGQSgJVOmcWTfMJ07nh5lage2.webm,b<s>e<s>b<s>b<s>b<s>b<s>b<s>b<s>b<s>b<s>b<s>
audio_1744731121-07QKis3SerYsVXbIvY0DwlKkBEf2.webm,g<s>b<s>b<s>b<s>b<s>b<s>b<s>eb<s>e<s>b<s>b<s>
audio_1743695421-09JRHUw4CkTwkGwkTxAybcCFtgq1.webm,g<s>b<s>b<s>b<s>b<s>b<s>b<s>b<s>b<s>b<s>
audio_1745072355-05rwGQSgJVOmcWTfMJ07nh5lage2.webm,b<s>w<s>b<s>w<s>w<s>b<s>b<s>b<s>b<s>b<s>b
